package, pkg-ver, install-time, date, config
gcc@8, 8.3.0_2, 20.08, 1580845472, Caching
gcc@8, 8.3.0_2, 20.41, 1580845858, Caching
gcc@8, 8.3.0_2, 18.17, 1580846200, Caching
gcc@8, 8.3.0_2, 18.85, 1580846912, Caching
gcc@8, 8.3.0_2, 17.33, 1580847329, Caching
gcc@8, 8.3.0_2, 17.55, 1580848490, Caching
gcc@8, 8.3.0_2, 17.48, 1580848983, Caching
gcc@8, 8.3.0_2, 29.49, 1580849546, Caching
gcc@8, 8.3.0_2, 19.74, 1580850505, Caching
gcc@8, 8.3.0_2, 19.04, 1580850729, Caching
gcc@8, 8.3.0_2, 17.40, 1580851933, Caching
gcc@8, 8.3.0_2, 17.42, 1580853125, Caching
gcc@8, 8.3.0_2, 17.74, 1580854326, Caching
gcc@8, 8.3.0_2, 17.93, 1580855528, Caching
gcc@8, 8.3.0_2, 17.81, 1580856731, Caching
gcc@8, 8.3.0_2, 18.23, 1580857931, Caching
gcc@8, 8.3.0_2, 18.01, 1580859129, Caching
gcc@8, 8.3.0_2, 18.19, 1580860331, Caching
gcc@8, 8.3.0_2, 20.80, 1580861565, Caching
gcc@8, 8.3.0_2, 18.55, 1580862735, Caching
gcc@8, 8.3.0_2, 17.35, 1580863929, Caching
gcc@8, 8.3.0_2, 17.95, 1580865135, Caching
gcc@8, 8.3.0_2, 18.75, 1580866336, Caching
gcc@8, 8.3.0_2, 17.22, 1580867533, Caching
gcc@8, 8.3.0_2, 17.39, 1580868733, Caching
gcc@8, 8.3.0_2, 19.01, 1580869945, Caching
gcc@8, 8.3.0_2, 19.82, 1580871176, Caching
gcc@8, 8.3.0_2, 17.26, 1580872347, Caching
gcc@8, 8.3.0_2, 17.50, 1580873546, Caching
gcc@8, 8.3.0_2, 17.57, 1580874748, Caching
gcc@8, 8.3.0_2, 17.57, 1580875948, Caching
gcc@8, 8.3.0_2, 17.36, 1580877148, Caching
gcc@8, 8.3.0_2, 17.43, 1580878348, Caching
gcc@8, 8.3.0_2, 17.14, 1580879548, Caching
gcc@8, 8.3.0_2, 18.41, 1580880749, Caching
gcc@8, 8.3.0_2, 17.46, 1580881952, Caching
gcc@8, 8.3.0_2, 18.54, 1580883154, Caching
gcc@8, 8.3.0_2, 29.00, 1580884375, Caching
gcc@8, 8.3.0_2, 17.05, 1580885551, Caching
gcc@8, 8.3.0_2, 112.81, 1580886857, Caching
gcc@8, 8.3.0_2, 18.06, 1580888032, Caching
gcc@8, 8.3.0_2, 17.69, 1580889157, Caching
gcc@8, 8.3.0_2, 17.63, 1580890433, Caching
gcc@8, 8.3.0_2, 17.76, 1580891525, Caching
gcc@8, 8.3.0_2, 17.55, 1580892726, Caching
gcc@8, 8.3.0_2, 93.90, 1580894007, Caching
gcc@8, 8.3.0_2, 17.35, 1580895130, Caching
gcc@8, 8.3.0_2, 18.27, 1580896339, Caching
gcc@8, 8.3.0_2, 18.59, 1580897543, Caching
gcc@8, 8.3.0_2, 17.79, 1580898743, Caching
gcc@8, 8.3.0_2, 17.89, 1580899941, Caching
gcc@8, 8.3.0_2, 18.15, 1580907147, Caching
gcc@8, 8.3.0_2, 19.08, 1580914353, Caching
gcc@8, 8.3.0_2, 19.18, 1580921560, Caching
gcc@8, 8.3.0_2, 18.75, 1580928760, Caching
gcc@8, 8.3.0_2, 75.72, 1580936030, Caching
gcc@8, 8.3.0_2, 17.61, 1580943160, Caching
gcc@8, 8.3.0_2, 17.78, 1580950364, Caching
gcc@8, 8.3.0_2, 17.13, 1580957565, Caching
gcc@8, 8.3.0_2, 17.88, 1580964769, Caching
gcc@8, 8.3.0_2, 18.56, 1580971948, Caching
gcc@8, 8.3.0_2, 17.72, 1580979154, Caching
gcc@8, 8.3.0_2, 19.23, 1580986360, Caching
gcc@8, 8.3.0_2, 18.05, 1580993563, Caching
gcc@8, 8.3.0_2, 18.24, 1581000764, Caching
gcc@8, 8.3.0_2, 22.00, 1581007958, Caching
gcc@8, 8.3.0_2, 18.17, 1581015152, Caching
gcc@8, 8.3.0_2, 17.31, 1581022355, Caching
gcc@8, 8.3.0_2, 17.91, 1581029559, Caching
gcc@8, 8.3.0_2, 52.84, 1581036802, Caching
gcc@8, 8.3.0_2, 18.11, 1581043949, Caching
gcc@8, 8.3.0_2, 17.83, 1581051153, Caching
gcc@8, 8.3.0_2, 17.40, 1581058354, Caching
gcc@8, 8.3.0_2, 17.59, 1581065560, Caching
gcc@8, 8.3.0_2, 17.97, 1581072748, Caching
gcc@8, 8.3.0_2, 18.58, 1581079953, Caching
gcc@8, 8.3.0_2, 19.65, 1581087171, Caching
gcc@8, 8.3.0_2, 18.33, 1581094371, Caching
gcc@8, 8.3.0_2, 18.70, 1581101563, Caching
gcc@8, 8.3.0_2, 19.23, 1581108763, Caching
gcc@8, 8.3.0_2, 17.75, 1581115964, Caching
gcc@8, 8.3.0_2, 55.14, 1581123191, Caching
gcc@8, 8.3.0_2, 17.89, 1581130353, Caching
gcc@8, 8.3.0_2, 18.97, 1581137560, Caching
gcc@8, 8.3.0_2, 17.84, 1581144762, Caching
gcc@8, 8.3.0_2, 17.47, 1581151963, Caching
gcc@8, 8.3.0_2, 17.89, 1581159167, Caching
gcc@8, 8.3.0_2, 17.37, 1581166368, Caching
gcc@8, 8.3.0_2, 18.01, 1581173577, Caching
gcc@8, 8.3.0_2, 18.17, 1581180750, Caching
gcc@8, 8.3.0_2, 18.15, 1581187985, Caching
gcc@8, 8.3.0_2, 92.88, 1581195231, Caching
gcc@8, 8.3.0_2, 17.37, 1581202356, Caching
gcc@8, 8.3.0_2, 17.76, 1581209553, Caching
gcc@8, 8.3.0_2, 21.23, 1581216770, Caching
gcc@8, 8.3.0_2, 17.38, 1581223968, Caching
gcc@8, 8.3.0_2, 18.37, 1581231179, Caching
gcc@8, 8.3.0_2, 17.24, 1581238343, Caching
gcc@8, 8.3.0_2, 17.59, 1581245549, Caching
gcc@8, 8.3.0_2, 18.87, 1581252753, Caching
gcc@8, 8.3.0_2, 17.94, 1581259955, Caching
gcc@8, 8.3.0_2, 17.87, 1581267162, Caching
gcc@8, 8.3.0_2, 17.89, 1581274350, Caching
gcc@8, 8.3.0_2, 92.99, 1581281640, Caching
gcc@8, 8.3.0_2, 17.93, 1581288769, Caching
gcc@8, 8.3.0_2, 93.08, 1581296024, Caching
gcc@8, 8.3.0_2, 18.17, 1581303148, Caching
gcc@8, 8.3.0_2, 17.73, 1581310353, Caching
gcc@8, 8.3.0_2, 18.03, 1581317557, Caching
gcc@8, 8.3.0_2, 19.20, 1581324763, Caching
gcc@8, 8.3.0_2, 18.14, 1581331951, Caching
gcc@8, 8.3.0_2, 19.19, 1581339194, Caching
gcc@8, 8.3.0_2, 17.95, 1581346347, Caching
gcc@8, 8.3.0_2, 18.43, 1581353556, Caching
gcc@8, 8.3.0_2, 17.90, 1581360775, Caching
gcc@8, 8.3.0_2, 18.36, 1581367978, Caching
gcc@8, 8.3.0_2, 17.64, 1581375153, Caching
gcc@8, 8.3.0_2, 17.73, 1581382361, Caching
gcc@8, 8.3.0_2, 17.30, 1581389564, Caching
gcc@8, 8.3.0_2, 18.37, 1581396772, Caching
gcc@8, 8.3.0_2, 19.11, 1581403978, Caching
gcc@8, 8.3.0_2, 18.29, 1581411151, Caching
gcc@8, 8.3.0_2, 19.19, 1581418358, Caching
gcc@8, 8.3.0_2, 17.76, 1581425554, Caching
gcc@8, 8.3.0_2, 31.22, 1581432799, Caching
gcc@8, 8.3.0_2, 41.21, 1581439994, Caching
gcc@8, 8.3.0_2, 21.85, 1581447157, Caching
gcc@8, 8.3.0_2, 19.55, 1581454368, Caching
gcc@8, 8.3.0_2, 18.31, 1581461550, Caching
gcc@8, 8.3.0_2, 20.20, 1581468755, Caching
gcc@8, 8.3.0_2, 17.52, 1581475949, Caching
gcc@8, 8.3.0_2, 17.78, 1581483156, Caching
gcc@8, 8.3.0_2, 19.05, 1581490367, Caching
gcc@8, 8.3.0_2, 17.96, 1581497567, Caching
gcc@8, 8.3.0_2, 17.39, 1581504750, Caching
gcc@8, 8.3.0_2, 18.57, 1581511951, Caching
gcc@8, 8.3.0_2, 18.14, 1581519147, Caching
gcc@8, 8.3.0_2, 18.78, 1581526352, Caching
gcc@8, 8.3.0_2, 21.39, 1581533574, Caching
gcc@8, 8.3.0_2, 18.86, 1581540756, Caching
gcc@8, 8.3.0_2, 20.76, 1581547974, Caching
gcc@8, 8.3.0_2, 17.62, 1581555167, Caching
gcc@8, 8.3.0_2, 17.55, 1581562371, Caching
gcc@8, 8.3.0_2, 17.37, 1581569548, Caching
gcc@8, 8.3.0_2, gcc@8, 1581576769, Caching
gcc@8, 8.3.0_2, gcc@8, 1581583934, Caching
gcc@8, 8.3.0_2, gcc@8, 1581591139, Caching
gcc@8, 8.3.0_2, gcc@8, 1581598344, Caching
gcc@8, 8.3.0_2, gcc@8, 1581605539, Caching
gcc@8, 8.3.0_2, gcc@8, 1581612740, Caching
gcc@8, 8.3.0_2, gcc@8, 1581619942, Caching
gcc@8, 8.3.0_2, gcc@8, 1581627141, Caching
gcc@8, 8.3.0_2, gcc@8, 1581634352, Caching
gcc@8, 8.3.0_2, gcc@8, 1581641544, Caching
gcc@8, 8.3.0_2, gcc@8, 1581648752, Caching
gcc@8, 8.3.0_2, gcc@8, 1581655958, Caching
gcc@8, 8.3.0_2, gcc@8, 1581663132, Caching
gcc@8, 8.3.0_2, gcc@8, 1581670336, Caching
gcc@8, 8.3.0_2, gcc@8, 1581677542, Caching
gcc@8, 8.3.0_2, gcc@8, 1581684731, Caching
gcc@8, 8.3.0_2, gcc@8, 1581691936, Caching
gcc@8, 8.3.0_2, gcc@8, 1581699145, Caching
gcc@8, 8.3.0_2, gcc@8, 1581706353, Caching
gcc@8, 8.3.0_2, gcc@8, 1581713541, Caching
gcc@8, 8.3.0_2, gcc@8, 1581720736, Caching
gcc@8, 8.3.0_2, gcc@8, 1581727934, Caching
gcc@8, 8.3.0_2, gcc@8, 1581735138, Caching
gcc@8, 8.3.0_2, gcc@8, 1581742351, Caching
gcc@8, 8.3.0_2, gcc@8, 1581749538, Caching
gcc@8, 8.3.0_2, gcc@8, 1581756749, Caching
gcc@8, 8.3.0_2, gcc@8, 1581763956, Caching
gcc@8, 8.3.0_2, gcc@8, 1581771159, Caching
gcc@8, 8.3.0_2, gcc@8, 1581778338, Caching
gcc@8, 8.3.0_2, gcc@8, 1581785533, Caching
gcc@8, 8.3.0_2, gcc@8, 1581792739, Caching
gcc@8, 8.3.0_2, gcc@8, 1581799943, Caching
gcc@8, 8.3.0_2, gcc@8, 1581807148, Caching
gcc@8, 8.3.0_2, gcc@8, 1581814353, Caching
gcc@8, 8.3.0_2, gcc@8, 1581821574, Caching
gcc@8, 8.3.0_2, gcc@8, 1581828730, Caching
gcc@8, 8.3.0_2, gcc@8, 1581835952, Caching
gcc@8, 8.3.0_2, gcc@8, 1581843142, Caching
gcc@8, 8.3.0_2, gcc@8, 1581850345, Caching
gcc@8, 8.3.0_2, gcc@8, 1581857547, Caching
gcc@8, 8.3.0_2, gcc@8, 1581864755, Caching
gcc@8, 8.3.0_2, gcc@8, 1581871956, Caching
gcc@8, 8.3.0_2, gcc@8, 1581879159, Caching
gcc@8, 8.3.0_2, gcc@8, 1581886333, Caching
gcc@8, 8.3.0_2, gcc@8, 1581893538, Caching
gcc@8, 8.3.0_2, gcc@8, 1581900742, Caching
gcc@8, 8.3.0_2, gcc@8, 1581907947, Caching
gcc@8, 8.3.0_2, gcc@8, 1581915151, Caching
gcc@8, 8.3.0_2, gcc@8, 1581922356, Caching
gcc@8, 8.3.0_2, gcc@8, 1581929529, Caching
gcc@8, 8.3.0_2, gcc@8, 1581936735, Caching
gcc@8, 8.3.0_2, gcc@8, 1581943937, Caching
gcc@8, 8.3.0_2, gcc@8, 1581951142, Caching
gcc@8, 8.3.0_2, gcc@8, 1581958339, Caching
gcc@8, 8.3.0_2, gcc@8, 1581965549, Caching
gcc@8, 8.3.0_2, gcc@8, 1581972736, Caching
gcc@8, 8.3.0_2, gcc@8, 1581979941, Caching
gcc@8, 8.3.0_2, gcc@8, 1581987144, Caching
gcc@8, 8.3.0_2, gcc@8, 1581994348, Caching
gcc@8, 8.3.0_2, gcc@8, 1582001552, Caching
gcc@8, 8.3.0_2, gcc@8, 1582008757, Caching
gcc@8, 8.3.0_2, gcc@8, 1582015961, Caching
gcc@8, 8.3.0_2, gcc@8, 1582023133, Caching
gcc@8, 8.3.0_2, gcc@8, 1582030348, Caching
gcc@8, 8.3.0_2, gcc@8, 1582037547, Caching
gcc@8, 8.3.0_2, gcc@8, 1582044749, Caching
gcc@8, 8.3.0_2, gcc@8, 1582051951, Caching
gcc@8, 8.3.0_2, gcc@8, 1582059157, Caching
gcc@8, 8.3.0_2, gcc@8, 1582066360, Caching
gcc@8, 8.3.0_2, gcc@8, 1582073535, Caching
gcc@8, 8.3.0_2, gcc@8, 1582087943, Caching
gcc@8, 8.3.0_2, gcc@8, 1582095147, Caching
gcc@8, 8.3.0_2, gcc@8, 1582102407, Caching
gcc@8, 8.3.0_2, gcc@8, 1582109551, Caching
gcc@8, 8.3.0_2, gcc@8, 1582116735, Caching
gcc@8, 8.3.0_2, gcc@8, 1582123952, Caching
gcc@8, 8.3.0_2, gcc@8, 1582131139, Caching
gcc@8, 8.3.0_2, gcc@8, 1582138366, Caching
gcc@8, 8.3.0_2, gcc@8, 1582145542, Caching
gcc@8, 8.3.0_2, gcc@8, 1582152747, Caching
gcc@8, 8.3.0_2, gcc@8, 1582159936, Caching
gcc@8, 8.3.0_2, gcc@8, 1582167135, Caching
gcc@8, 8.3.0_2, gcc@8, 1582174342, Caching
gcc@8, 8.3.0_2, gcc@8, 1582181547, Caching
gcc@8, 8.3.0_2, gcc@8, 1582188732, Caching
gcc@8, 8.3.0_2, gcc@8, 1582195939, Caching
gcc@8, 8.3.0_2, gcc@8, 1582203134, Caching
gcc@8, 8.3.0_2, gcc@8, 1582210336, Caching
gcc@8, 8.3.0_2, gcc@8, 1582217546, Caching
gcc@8, 8.3.0_2, gcc@8, 1582224733, Caching
gcc@8, 8.3.0_2, gcc@8, 1582231950, Caching
gcc@8, 8.3.0_2, gcc@8, 1582239153, Caching
gcc@8, 8.3.0_2, gcc@8, 1582246342, Caching
gcc@8, 8.3.0_2, gcc@8, 1582253592, Caching
